text,predicted_label
"To už tu bylo, z 5 na 20%. Všichni si přidali o DPH a nic se vypovědět nedalo. Kdyby to šlo tak lehce, to by všichni utekli od závazků",NEUTRAL
v tomhle vedru bych bral i studenou vodu :D,NEUTRAL
taky dobry... ja jsem se slevomatem skoncila.,NEUTRAL
Dobrý den. Chci se zeptat jestli by jste mi zjistili PUK od me SIM karty. Sim kartu uz mam dlohou a papíry jsem uz ztratil. Díky za odpoved,NEUTRAL
"máte zde být od 8 -20 hod - jakto , že nikdo neodpovídá na dotazy ?",NEUTRAL
"Děkuji,včera když jsem na to koukala,to tam nebylo ale už ano díky :)",POSITIVE
Mohla bych prosím dostat nějakou formou víc informací ohledně projektu Zpívající ruce? Všude na webech se o tom jenom mluví. Moc díky. :-),NEUTRAL
"Dobrý den, reakce odsud mi chodí na email,pokud na něj odpovím (je tam Váš osobní e-mail),Vy na to reagujete nebo ignorujete?",NEUTRAL
"můžu jen doporučit, rychlý obchůdek a 100% originál -super :))",POSITIVE
už ji mám objednanou,POSITIVE
"Dobrý koníček, taky sem rušil smlouvy půl roku, jsou to hajzli...",NEGATIVE
V Banskej Bystrici - novy kaufland :),NEUTRAL
No jo a já ho mám tento problém...to sou věci že?? :),NEUTRAL
Ani náhodou.,NEGATIVE
Tony Prasík :-D,NEUTRAL
"Nenapsala bych to lépe, trpělivost začíná docházet. A že jí většinou mám dost... Jinak stále nefunguje. Ach jo!",NEGATIVE
Hezký večer i vám!!!,POSITIVE
Vám se prostě člověk nezavděčí co?,NEGATIVE
"Škoda, že tu není tlačítko ""To se mi nelíbí""",NEGATIVE
No to snad né! A to je jakože výhodné?,NEUTRAL
"Moc děkuji, jaké je vaše? poslala bych vám je zpět, v další obálce mám 6 bodů. Mockrát děkuji :)",POSITIVE
A Zlín jako třeba bude ve dvě? Nebo jak to chápat?,NEUTRAL
"Nikoliv, potřebuji si urgentně zkontrolovat vyúčtování...",NEGATIVE
ten výraz je neuvěřitelný!,POSITIVE
"Dobrý den, chtěla bych se zeptat, jestli v nejbližší době naskladníte Chanel Chance Eau Fraiche - dámská EDT 50 ml.",NEUTRAL
:D joo že za 5 dní mám narozkyy :D:D a kofolu mám domááá :D,POSITIVE
"Díky, už to jde ;)",POSITIVE
už nám chybí jen andílek:-)jsou krásné....,POSITIVE
a vrať se do školy když neumíš česky:D,NEGATIVE
Líza a Pepíček :D,NEUTRAL
"jasný tak sem to nemyslel ,ale snad už všichni uvěřej že při troše snahy a ne pouhým hodinovým hraním se to dá ;)",NEGATIVE
podobnou akci i v Ostravě!,NEUTRAL
ochutnám :),POSITIVE
kdyby ty filmy měli aspoň 20 min. možná o tom budu uvažovat...takhle mi to přijde fakt nezajímavé,NEGATIVE
Ještě že jsem nemocna,NEUTRAL
holky a dávaly jste na konci přihlásit se a povolit? v tom by možná mohl být háček....,NEGATIVE
Děkuji a vše sleduji!,POSITIVE
to je skvělýýýýýý!!:D,POSITIVE
"jééé, já bych mu dal cucnout tlošku slivovičky od dr. Rudy Jelínka :)",POSITIVE
"pak jsem si toho všimnul, ale nešlo mi smazat tento příspěvek, takže je to moje chyba a jsem za hlupáka (ale můžu si za to sám)",NEUTRAL
Ste Jenom Mrdky!!...Ste Nezařízený!!...a Vyhrožovat soudem za 2 měsíce starej učet kterej je Zaplacenej ;)...Kryplíci :))),NEGATIVE
"Když pomineme obal, tak je tam jiná omáčka. Navíc je tam rukola a čedar... ;-)",NEUTRAL
"A to mě zase bere a hodně, podle mě je to jedna z nejkrásnějších pánských vůní vůbec ;-) .",POSITIVE
je jich hodně ale ja jich mam urřitě více !!!,POSITIVE
"To znamená, že se mám spokojit s 6mb/s ?",NEUTRAL
V pristi praci chci mit taky takove kolegy sympataky ;),POSITIVE
"Zdravím, je na nějaké pobočce v Praze skladem telefon Huawei ascend P1? Díky",NEUTRAL
"Akurát som sem išla napísať - fotka s názvom ""Na mně nemáš"" - to je dobrá raketa....",NEUTRAL
kráva v průměru denně nadojí 20 až 35 litrů,NEUTRAL
syrovy tydny jsou super ale uz dlouho jste nemeli cinske tydny mnam :-),POSITIVE
"Zahráno, nevyhráno... :)",POSITIVE
"asi se jich ještě nesešlo sedm, natož 17 a 37 :)",NEUTRAL
jde posilat body mezi čechy a slováky?,NEUTRAL
pamatuješ??páteční večeře!!!,NEUTRAL
Gratuluji k novému gorilátku :)) a přeju hodně štěstí,POSITIVE
"Dobrý den jak je možné, že mi účtujete 10,3 Kč / min. pro volání ze zahraniční v rámci EU, když stanovená hranice EU je nižší?",NEUTRAL
A je nějaká možnost že budou i novější verze?,NEUTRAL
"Adélo,žil jsem v Austrálii několik let,vím o čem mluvim,klokani se na farmách chovat ze zákona nesmí ;-)",NEUTRAL
"mám ho ted novej,strašně pomalý tady,videa na youtube bez šance,face a normal stranky v pohodě,za 250 se to dá",POSITIVE
"Já ani jeden, počkám jak to bude s tím koncem světa, ať je nesháním zbytečně :-D",NEUTRAL
bude sněžet kofola?:D,NEUTRAL
"79% technické vlastnosti, 11% vzhled a 10% cena",NEUTRAL
"Dobrý den, chtěl bych Vám sem vložit fotku, jak to mám udělat?",NEUTRAL
Už by to chtĕlo vymyslet nĕjaké nové kupony.. Tyhle jsou stále dokola :(,NEGATIVE
Něco dotykovýho :D,NEUTRAL
nesnášim mekáč,NEGATIVE
"Dobře. Ale bylo by fajn ještě v sekci ""Mé vouchery"" změnit ten údaj ""neuplatněno"".",NEGATIVE
"Mě moc o volání nejde, spíše o sms + vyšší fup jak 300MB.",NEUTRAL
jj nejlepší zmrzka :) tu můžu,POSITIVE
"Mohu se zeptat, kde najdu nabídky pro Liberec? nebo zatím není :( ?",NEUTRAL
"Ano, přešla jsem z karty na paušál, myslím začátkem měsíce. Tudíž ihned po připsání na Váš účet si mohu telefon vzít?",NEUTRAL
"Najdětě si na iprima.cz tohle Ano, šéfe! IV (2) a rozvažte smlouvy s touto ..restaurací,,..doporučuju protže Vám špiní jméno.",NEUTRAL
"Ještě mi chybí pár bodíku, tak jestli vám ještě nějaké zbyly prosím pošlete.. ID: 1677222513",NEUTRAL
"Billa,Tesco nekdy i penny maji vzdy NOVINKY!",NEUTRAL
No vidíš a já ji viděla jen jednou :-) A teď už bych ji ani nepoznala od rodičů :-),NEUTRAL
kofolou a plachetnicí z božkova?,NEUTRAL
Dobrý den nevíte kdy začíná akce ve Svitavách nebo v Poličce??,NEUTRAL
"Dobrý den , chci se zeptat jestli ty kouzelne utery jsou furt?",NEUTRAL
"No jen se nebojte, on ji potom pořádně kousne do krku a uvidíte vášeň, která předehru nepotřebuje :o)",NEUTRAL
gratuluji výhercům :)),POSITIVE
je strašně mily!!já ho chci domuu!!krasny kluk,POSITIVE
"Určitě vám budu poskytovat můj email pro vaše marketingové účely, to určitě.:D",NEUTRAL
Týýjo humra jsem nikdy neměl,NEUTRAL
"tak někteří mají například falshnutý xbox, s tím se na net nedá... :)",NEUTRAL
"reklama supr, pustila jsem jí na notásku a hned asi 5min potom jsem jí viděla v televizi :) je skvělá :o) moc se mi líbí, supr nápad :o)",POSITIVE
Tak to jsou tedy recenze...:-(,NEGATIVE
"náhodou, já mám startreka taky a necítím se býti mužem :-D",NEUTRAL
Tomáš Jeřábek :),NEUTRAL
"Zajímalo by mě, jestli se plánuje v nějaké brzké době otevření dalšího McDonald´s v Hradci Králové.",NEUTRAL
"A to mě by zajímalo, proč mi slečna promotérka lhala:o(",NEGATIVE
když si ho koupíme všichni tak třeba napadne!,NEUTRAL
Na mém účtu uvádíte platnost kreditu do 28.10.2012. Neměl by platit ještě dnes ? Blokli jste mi kredit o den dřív. Je toto vpořádku ?,NEUTRAL
jo..kofola mnam..už se na ní těšim..prázdniny ve znamení kofoly :),POSITIVE
a je v jných státech než SK a CZ?,NEUTRAL
spíš krásně upravená ... x),POSITIVE
krásna vona!zbožnujem.....,POSITIVE
"Můžete mi říct proč ani jedna z her není dostupná po LG Optimus 2x, který máte v nabídce?Děkuji.",NEUTRAL
Romane a jak Vám chutnalo koleno posledně? V restauraci u Horů :),NEUTRAL
"Nedá mi to a musím to okomentovat. Myslím, že stačí, že tu Slováci studujou zadarmo, nechtěli byste jestě soutež speciálně pro vás?",NEUTRAL
swiss king!!to sou nejkrásnější vzpomínky na střední školu :-)) ve středu jdu na něj s kámošem za přítelovo stravenky!! :-P,POSITIVE
v poho tak pošlu ženušku :),NEUTRAL
"Kofola došla, protože jak na ní Ego pořád zval.. tak nikdo neodolal a tim pádem všechny došly a on to měl pěkně draho :D :D :D",NEUTRAL
Vodafone čekám pořád na odpověď!!!!!,NEGATIVE
Doopravdy ten internet Uploáduje 20 mb/s ? (Myslim doopravdy) Tudiž abych 20mb soubor na ulozto nahrál za 1 sekundu.,NEGATIVE
Tyyyy Mirino :) Uz se ti snad neco nekdy ztratilo u Ceske posty...?!:D,POSITIVE
no rád bych s jedním jezdil ..,POSITIVE
"Dobrý den, chci se zeptat zda u e-účtu mi budete zasílat info o nově příchozím vyúčtování mailem?",NEUTRAL
to roztomilé,POSITIVE
"je tam Havířov, Prodejna Havířov, Fibichova 227/21",NEUTRAL
Jak se spojit s Vodafone Ceska Republika ze zahranici po telephonu? Kdo muze pomoci? Dekuji,NEUTRAL
Žádnou odpoved nikde nemám,NEUTRAL
"děkuji za odpověď, před chvílí sms přišla :)",POSITIVE
"Doporučuji navštívit FB stránku ""Nechceme předražené volání""... Kdo i potom půjde do půlnoční fronty je podle mne mentálně postižený :-(",NEGATIVE
Včera jsem k svátku dostala 2l kofoly :))) Ať žije kofola!!,POSITIVE
"jj, informace o Naiřině váze a věku se různí... Lenko (Značka a komunikace), prozraďte zdroje ^.^",NEUTRAL
a do kdy to platí..:),NEUTRAL
"nějak tam klouzala ne? já tu zrovna nebyla, ale holky hlásily. mají ji místo pohádek a hlídají :D",NEUTRAL
dobry den...svuj dotaz na o2 tym mam zadat primo sem na zed a nebo jinou formou??? diky,NEUTRAL
Hezké jméno! Tak ať se mu daří :),POSITIVE
Protože se věnuje vlastní firmě a rozrůstá se mu vlastní rodina.,NEUTRAL
neni vůbec dobrej jenom tak vypadá ;),POSITIVE
"Při pokusu o přihlášení se mi objevil #404, po asi 3. pokusu o přihlášení už ale vpořádku.",NEUTRAL
nejlepší vánoční reklama:),POSITIVE
"tak vem tvoji tříletou dcerku a jdi s ní ven na procházku, krávo!",NEUTRAL
"Cena je určitě zajímavá, ale není nad domácí dort.",NEUTRAL
"nezapomenu na to, jak mě chytil za ruku a chtěl mě vtáhnout do klece :-) říkali jsme mu ""Kámoš"", ale tenkrát se jako kámoš nechoval",NEUTRAL
To bylo rychle pryč :-),NEUTRAL
Děkuji a také přeji dobrou noc.,POSITIVE
kdo jim to koupí za cca 27 kč či více...??? já teda nee...tak 20 kč...,NEUTRAL
QWERTZ jasná volba :)),POSITIVE
Radku nenech se :) nejdříve udělají nějakou soutěž a pak vyřazují hráče :( super REKLAMA,NEUTRAL
"Dobrý den, jak to vypadá s parfémem Sergio Tacchiny Donna? Delší dobu byl nedostupný, teď již není v nabídce vůbec. Přestal se vyrábět?",NEUTRAL
Už ho mám doma :oD,POSITIVE
"souhlasím, hned bych Ježíška také zaúkolovala... ale myslím, že my co milujeme zvířata si ho koupíme moc rádi sami :)",POSITIVE
hmmmm tak to jsu na to teda zvedavý,NEUTRAL
"Dobrý den, zajímalo by mě, zda už se v prodejnách O2 prodává HTC S8. Na webu píšete, že bude k dispozici v průbehu listopadu. Díky :-)",NEUTRAL
"Měsíčně máte 125 + 125, že. To stojí kolik ?",NEUTRAL
Prosím o jeden bodík č. 1713837452 děkuji,NEUTRAL
"navic kazdy ma moznost se nezustanit, je to tvoje volba. ted me omluvte, du na double royal :D",NEUTRAL
moje tel číslo karty ( mobilní internet) 601389146 Děkuji Brychová,NEUTRAL
"děkuji za to, že se snažíte měnit věci k lepšímu ;-)",POSITIVE
"tam právě tenhle tarif nevidím, je tam jen tarif Bav se a nějaká jeho modifikace. Ne ale student tak jak je v tom odkazu poslaný vámi",NEUTRAL
Jízdní řády...:DD,NEUTRAL
"musím říct, že rybízovej shake se moc nepovedl:D:)",POSITIVE
Praha 2 - Nové město,NEUTRAL
":))))) hustě,...to se divim, že sme spolu za poslední měsíc nemluvili po telefonu:)))",NEGATIVE
¨Bylo by třeba ;),NEUTRAL
taky držim palce broučku ),POSITIVE
"velice vam dekuji za odpoved!! ja bych je hned brala,myslim,ze misticek neni nikdy dost... a ne ze jsou k nicemu... :-)",POSITIVE
"Versace-Bright crystal-od doby co ho používám, se ze mě stal sebefeťák :-D",NEUTRAL
"Miluju, zrovna si ji vychutnávám...:P :)",POSITIVE
"Opět soutěž pro šikovné programátory, kteří mají v počítači GSM modul :-)",NEUTRAL
Komu by se libily reklamy?,NEUTRAL
je super že to udělalo takovou radost...,POSITIVE
Ještě by to teda chtělo připojení k internetu.,NEUTRAL
Díky za Váš stánek na Benátské noci :),POSITIVE
"Díky za ten e-disk. Mimochodem, pokud má některý z kolegů neomlácený Ascend se starým firmwarem a chtěl by ten ""nový a lepší"", rád vyměním",NEUTRAL
bohuzel nemaji vsichni stejne citlive klavesnice a podle toho to potom vypada no :/,NEUTRAL
klasika pořád protěžovaní pražáci :D,NEGATIVE
pomoc druhým s úsmevom a nadšením :-),POSITIVE
CBO je x krát do roka.. Co The M? Nebo nějaké nové sendviče..,NEUTRAL
v Olomouci jiny ceny,POSITIVE
A nebo sem to popletla a vozi to na jedno misto z ruznych sport.obchodu/servisu? ted si nejsem jista:),NEUTRAL
"Ty vaše výhody použijte na toaletě...zákazník chce jednoduše volat levněji, jako na západ od našich hranic.",NEUTRAL
"nahoře pod tlačítkem sdílet si můžeš vybrat ""filtr"" a příspěvky ""pouze slevomat"":)",NEUTRAL
Děkuji moc už to funguje :-),POSITIVE
V průběhu dnešního večera a ještě tam není ani nasledujici den ráno? Ta samá situace se o opakovala i minule jestli si dobře vzpomínám :-),NEUTRAL
"doporučuji všem,jsou skvělý,hlavně ten hovězí,....",POSITIVE
to nejdou posílat ani z vodafone brány ? :D,NEUTRAL
Ooooo miláčku Gratulace k novému mobilku :),POSITIVE
"jéééé, ty jsou božííííí ?:))))",POSITIVE
"Děkuji za odpověď, a pokud nepřecházím z paušálu, ale mám kartu, na kterou si dle potřeby dobíjím, je možné zachovat stávající číslo?",NEUTRAL
tenhle tejden nejspíš ani do práce nepůjdu... takže smůla Honzíku :DD,NEUTRAL
"Dobrý den, chtěl jsem se zeptat jestli ještě O2 dává peníze na pomocné projekty lidem? Děkuju za odpověď",NEUTRAL
"kukuřičnééééééé placky ;-) Vím, že to hrál na kytaru, kdežto tady má ukulele, ale to se mi vybavilo, když jsem viděla tenhle obrázek :-)",NEUTRAL
krásné bydleníčko oranguťánci!!!,POSITIVE
to je boží :),POSITIVE
Tady někdo očividně popíjel kofolu celou noc a je ready :D,NEUTRAL
inteligentní no ... v televizních novinách :D,NEUTRAL
"Lucinko, to bude asi ta zastydlá puberta z ČVUT...ale tím se netrap, kočko...",NEGATIVE
Já to chci taky vidět!!! (ale potřebuju webku) Kromě toho. Mám teda hledat přání v reálných vánočních Kofolách nebo ne?,NEUTRAL
Chválím Kenzo Jungle Elephant - na tuto vůni se musí dozrát :),POSITIVE
Mńamky kde jí mám tu ledovou kávu ???,NEUTRAL
už se ale snížení propojovacích cen projevuje fakt jo ? Tak to děte do pr**le.,NEGATIVE
"Nj, musí se z něčeho zaplatit nové logo..",NEUTRAL
"to je super,že nejrychlejší, ale mě by se hodil taky mimo velká města :D myslím, že ani 61% nebude pravda .)",POSITIVE
doporučuju skusit zanout vypnout mobili,NEUTRAL
Já využívám Vodafone asi 12 let a neměnil bych :-),NEUTRAL
"Kdyby se Ray Kroc choval tak arogantně k zákazníkům, tak by dnes žádnej McDonald ani neexistoval.",NEGATIVE
hmmm mooc nic ! nak sem u toho nemela zachvat ! :P,NEUTRAL
Už by to mělo být v pořádku (y),NEUTRAL
jo je to sráč. Má sice lepší fotoaparát ale co se týče vyovnávací paměti a procesoru...,NEUTRAL
petr klíma: klasickej koment hloupejch lidi neakceptujicich ostatni subkultury...,NEGATIVE
já mám o2 13 let a neměnila bych,NEUTRAL
"Mám ji a můžu říct,že opravdu krásně voní.",POSITIVE
"Ahoj Leňulko, že přítele zdravím ;-) a doufám, že už mu všechno funguje :-D",POSITIVE
taky to tak chci :D :D,POSITIVE
"Když ji miluješ, není co řešit. Když ji vyřešíš, není co milovat :-)",POSITIVE
Už jste vědci vymysleli milku s masa ? že furt chutě mate stejné že se to neda žrát .,NEGATIVE
ale pokud vyhraji čepici snad se můžu pokusit znovu na telefon ne ?,NEUTRAL
Vypadá to opravdu skvěle :-) Co by mě zajímalo je předpokládané dokončení výběhů - nikde o tom není ani zmínka.,POSITIVE
"Filip Hajduk: Ne, to mi ani neříkej.",NEUTRAL
a je to tedy opravdu zdarma?,NEUTRAL
"jééé, paráda :-) Díky za tip :-)",POSITIVE
aspon se snima dá spát když sou plyšový,NEUTRAL
ja jsem to hledal vsude a nic jsem nenasel,NEUTRAL
"Nekoukejte, já vám nenechám... :-)",NEUTRAL
Držím pěsti!!!,POSITIVE
nejaka sunka!!! 90% lidi nevyuzije zadny poradny funkce vsichni stim jen machrujou :-D,NEUTRAL
A je na Vás nějaký kontakt.,NEUTRAL
"Už se na holky těšíme, až je uvidíme! Je vidět, že mají perfektní péči!",POSITIVE
no jo no tak ono o2 už asi unás brzo nebude :D,NEGATIVE
"Koukám diskuze OKAYáků:-) Ať už současných, či minulých...",NEGATIVE
Proč je to není dostupne v Polsku?,NEUTRAL
Krásný pozdrav z Krnova www.cesbyz.cz/marketa-teutrine,POSITIVE
"Já myslím, že kdyby logo navrhovaly děti, vznikly by dost zajímavé a krásné návrhy a navíc zadarmo",NEUTRAL
"mám stejný problém, pořád nic..",NEGATIVE
To nemá chybu.,POSITIVE
"prosím vás..kdy je plánována aplikace ""25kredit""?",NEUTRAL
Jediný dobrý určitě nebyl. Ale vždycky sem si ho dal. :D,NEUTRAL
"Dobrý den Markéto, jsem moc rád, že jsem mohl Vám zde poradit a děkuji za milou pochvalu :) Pěkný den, Lukáš.",POSITIVE
Moc Vám Děkuju... :),POSITIVE
Sháním slevu na jídlo v restauracích v Rakousku- Vídni termín 13-16.10.2011 poradíte mi jak hledat? Děkuji :-),NEUTRAL
Safra! Včera jsem si koupila kredit a lovila kachničku. :D,NEUTRAL
"rada nad zlato, když někdy prospím celý den..a čekám na důležitý tel...:)",NEUTRAL
jé ten je krásný....taky přeji krásnou dobrou noc :),POSITIVE
ještě mě napadlo jedno servis lyží který jsem nestihnul ;-),NEUTRAL
telefon se mi za cenu líbí . když se rozbije tak šup s ním do opravy .),POSITIVE
zbožňuji tuto vůni :-),POSITIVE
co ma vodafon za problem nemuzu se nikam vyvolat a nikdo dovolat me nejsem jedin a vic cisel nejede,NEGATIVE
"zdar vim ze to bylo tezke predpovedet a penize na sklade nechcete mit , ale nedalo se to cekat, ze to bude rychle v ..... Divim se",NEGATIVE
To by bylo něco!!:-D,NEUTRAL
Já ale chtěla iPhon 4 :-),NEUTRAL
a vevnitř je kavárna nebo hospoda nebo? :),NEUTRAL
podmihop je zatím nejvíc,NEUTRAL
John Pemberton byl bůh ne jen dědek z Česka,NEUTRAL
.... Zlatý Eurotel ... O2 banda lumpů a hlupáků ...,NEGATIVE
dobrý den rád bych se zeptal by agentury pracuijící pro o2 přestanou klamat věrné zákaznílky,NEUTRAL
To je roztomilý ... <3,POSITIVE
dá se někde najít seznam restaurací kde se dá platit platební kartou?,NEUTRAL
profiterole(ale ty už sem se naučila vyrábět) tak asi čokokostka!,POSITIVE
"netuším, nepřišel jsem na to taky",NEUTRAL
proutník je slabý slovo :-)))) je to kaňour,POSITIVE
"Ahoj, prosím tě nahlas tuhle stránku, díky moc... http://www.facebook.com/pages/Zn%C3%A1siln%C4%9Bn%C3%AD/4990746967866",NEUTRAL
"to už jsou Velikonoce? Teda,ten čas letí...",NEUTRAL
"Byli jsme se v sobotu na mrňouska -je vyšší než já- podívat a je fakt skvělej, ještě tak divně chodí a všechno prohlíží....no jak dítě",POSITIVE
"mně nejde ani o to, abych byla první, druhá či třetí...prostě tak nějak průběžně sbírám :D",NEUTRAL
"Mě se nakonec také ozval, tak uvidíme co uvidíme:-)",NEUTRAL
"Když ho odchytnu, dostanu iPhone hned ve čtvrtek???",NEUTRAL
"Pan Marek Laštovka se pomátl.. HLAVNĚ ne k o2, za nedlouho budete litovat a říkám to z vlastní zkušenosti...",NEGATIVE
muj nazor: zase změny? to zase nic nebude fungovat,NEUTRAL
"Řeším stejný problém, tak doufám že to během dneška ještě půjde.",NEUTRAL
Tak je koupeno :-) Díky a pěkný den.,POSITIVE
"Hezká čičinka, ale já radši žirafy a lední medvídky...",NEUTRAL
"Děkuji moc a můžu se ještě zeptat, kolik teda bude příjemce za hovor platit? Normálně podle jeho tarifu, jako by byl v ČR?",NEUTRAL
poškrab mě tam ještě trochu.,NEGATIVE
mám rád milku,POSITIVE
"to Bubba von Bahnhof : telefon na telefonování skutečně je, smartphone má trošku větší záběr..",NEUTRAL
jdeme do toho?,NEUTRAL
"Proč zrovna AGIP ? Vždyť je to jedna z nejdražších pump !!!!! Blbej kšeft, to vámteda povím !",NEGATIVE
mě se to nezobrazuje celý...Jako odškodnění za znemožnění výhry chci telefon HTC :),NEUTRAL
Ty jsi taky OU TÚ =o),NEUTRAL
"jen nevím, zda má těšit, že se kofola točí i do pulitru... 4 byla taková originální",NEUTRAL
"Dnes mi přišla In White od JDP s nefunkčním rozprašovačem. Co s tím ? Asi poslat zpět, že ?",NEGATIVE
"Rovnou v Přemkách jsi měl napsat,nejlépe v tom vašem lesíku :-D",NEUTRAL
Máte úplnou pravdu.,NEUTRAL
"smula je v tom, ze drive se za psa platilo tusim 20Kc, nyni najednou 100Kc... myslim zbytecne velky narust...",NEGATIVE
Žeby sníh? :,NEUTRAL
uz by jste to mohly vymazat at vym na kolikatem a na cem jsem,NEUTRAL
"Kdyby měl někdo nějaké body navíc, tak by se mi hodili na čepici. :) Moje číslo je: 1289531029 Díky moc.",NEUTRAL
U mne jednoznačně : Chanel --CHANCE a druhé místo Givenchy - HOT COTOURE ( ale 1.verze)....i když jsem si ji zrovna včera koupila :),NEUTRAL
"Dobrý den, sleva 50% je Podle plneni",NEUTRAL
Jéé my máme i tak hezkou stránku =),POSITIVE
Tak ja teda bezim koupit kofolu abych se na to prekvapko taky podival!,NEUTRAL
"Holt starého psa novým kouskům nenaučíš. Zajímalo by mě, jak vypadá celý podnik :)",NEUTRAL
Je poledne 26.6. a kde nic tu nic. Kdy budou stránky dostupné???,NEUTRAL
"Zdravím, chtěla bych se zeptat, jestli budou sobíci v šumperku?",NEUTRAL
Taky gratuluju a přeju maličkýmu hodně štěstíčka :),POSITIVE
"mám jednoznačnou stížnost - nikde není k sehnání!!! prosím, udělejte z ní nelimitovanou celoroční edici... :m)",NEGATIVE
"SMS na české číslo je vždy dle tarifu, nezáleží na tom jestli se dotyčný nachází u nás nebo v Austrálii.",NEUTRAL
"Tady nejde o slevy, ale o celkovou nabídku, která stoji za nic!",NEGATIVE
Fakt dobrý :-),POSITIVE
"Pokud mi za něj nabídneš přijatelnou částku, klidně se ho zbavím ;)",NEUTRAL
Opravdu nádherná vůně.....,POSITIVE
No rozhodně.,NEUTRAL
"No Veroniko, ale odrb je odrb. Když tohle takhle ukazujou, mohli by si dát i námahu to aspoň zpoloviny tak udělat",NEUTRAL
Aplikaci na kontrolu vašeho směšného FUP!,NEGATIVE
U konkurence z toho musí mít neskutečnou srandu :D,NEGATIVE
"Měl jsem Crispy a překvapilo mě, že hodně pálí!",NEUTRAL
Úžasná vůně!,POSITIVE
Dnes jsme poprvé vyzkoušeli bylinkovu ;o))),POSITIVE
Hezký! A je zadarmo????,POSITIVE
ta je opravdu nejlepší...nádherná vůně :),POSITIVE
"Taktéž, hlavně hodnězdraví všem zvířátkům... :-)",POSITIVE
"Dobrý den, celé dopoledne se nelze připojit na vaše internetové stránky.",NEUTRAL
alespoŇ nikomu nelžou :D,NEGATIVE
hezká vůně na toaletu .... :O( :o),POSITIVE
"Udělal jsem vše podle rady, ale stále nic ... vyplnil jsem ten formulář a odeslal. Díky",NEUTRAL
je to tam :) Děkuji :),POSITIVE
"uplne nahovno, cheva byla lepsi.)",POSITIVE
už mi tečou sliny :DD,NEUTRAL
"Takže stačilo napsat sem a vše je vyřešeno, a to ještě lépe, než jsem původně očekával :-) Ještě jednou díky!!",POSITIVE
Plánuje se také výhledově Zlín ??,NEUTRAL
není špatný i ten sýr je podle obrázku čemuž se divím :D,NEUTRAL
tak ani já ani manžel :-(,NEGATIVE
mají to i v globusu v brně?,NEUTRAL
Nám už jedno straší na skříni... :-D,NEUTRAL
padající server mi zas tolik adrenalinu do žil vehnat neumí ;),NEGATIVE
"Mluvím o volně prodejné předplacené kartě. Takže prosím, kolik platím za 1 minutu?",NEUTRAL
"když srovnáte tuhle ""akci"" s CBO meny minulý rok, tak Vám vyjde, že tohle je o 10kč dražší než menu před rokem :D",NEGATIVE
Ale kdyby byly auta které by jezdili na kofolu tak špatné by to nebylo :D,NEUTRAL
"To je všechno na nic ,když tady není signál.Hlavně že platíte!",NEGATIVE
Prasátko z reklamy pro toho kdo nakoupí nejvíc kofol!! :D,NEUTRAL
"mám projeto, jen za tu první branku se mi také body nepřičetly, není odškrtnutá, ale fanoušek jsem.",NEUTRAL
žádnej naháč měl spodky !!§,NEUTRAL
"Zdravím, můžete mi prosím poradit jak nastavit internet na SE w660i?? Nikde to nemůžu najít, díky",NEUTRAL
"nejlepší parfém, jaký jsem kdy měla!",POSITIVE
už jsem ho mezi nimi viděla - je kouzelný a oči nádherné:-))),POSITIVE
jako hrocha by mě to dosti urazilo...ale hold na tohle se u zvířat asi nehraje ;o),NEUTRAL
Krásné ráno všem!!,POSITIVE
Proč už zase nefunguje Vodafonepark????,NEGATIVE
"Nejak tahle aplikace nefunguje, kdyz chci soutezit objevi se akorat ze stranku nelze zobrazit...",NEUTRAL
"Pavla: ano protože sebe si nenazvala zavistivou ;) Označila si tak všechny ostatní, kteří sem napsali jakýkoliv negativní názor na výherce.",NEUTRAL
no u nas je hezky.. slunicko sviti.. ale radeji bych si dala McChicken,POSITIVE
nádherná vůně..,POSITIVE
Ovar a Bůček,NEUTRAL
"Já nemám a nemám ani informacni email, že bych si je měla zítra přijít vyzvednout.",NEUTRAL
někdo si třeba nechává i prázdné krabičky a lahvičky od parfémů,NEUTRAL
"kdyz uz jsme u toho zvani, tak ja bych mile rad pozval slecnu napravo na salek :-)",POSITIVE
"Takže pánové mě utekla zakázka za 1,5 milionu.... Dávám to právníkovi a budeme jednat",NEUTRAL
"já to měl dohodlý že se platba pošle složenkou,no zavolám na infolinku co a jak...",NEUTRAL
posláno snad budeš Ondro kouzelník :-) Díky,POSITIVE
"po kvalitním sexu chlap usne dřív, než se žena vrátí z koupelny :D",NEUTRAL
"Pak dej vědět, co ti zdělili na tu kompenzaci.",NEUTRAL
Dlouhý víkend,NEUTRAL
"Dobrý den, připomínám se. Děkuji za info",POSITIVE
"a jak dělá žirafa, se ptá malej :-)",NEUTRAL
"U mě pořád nic .. Vyzkoušela jsem 3 prohlížeče. Změna pouze v tom, že v některých se to alespoň začne načítat, u jiných se to ani nehne .",NEUTRAL
"co od vás ty missky dostanou?zájezd nebo něco tak?chci přihlásit neteř,kdy budou konkurzy?",NEUTRAL
V minulosti Vám to dělalo také?,NEUTRAL
Naprosto překrásný zvíře! fakt slaďour :-)),POSITIVE
"Pan jiří možné to je tím,že jste v čechách...boohužel",NEUTRAL
Tak to nemá chybu,POSITIVE
Pardon... mě to ujelo :),NEUTRAL
Až mě přestane bavit život tak du !! :D,NEUTRAL
A když nemám účet a mám jen twist tak mi to je asi nanic že?,NEGATIVE
jeste jedmou dekuji za super hru a vyhru :-),POSITIVE
"Doporučuji vám ČD tarif, např. 70min za 88kč a na všechny datové balíčky vodafonu je sleva 25 procent . Sms za 1.20kč.",NEUTRAL
"Vidíte, a to by mě bez této zprávy snad ani nenapadlo...",NEGATIVE
překrásná !!!!!!!,POSITIVE
Čáááu..chcu se zeptat jestlii bude MC v Karvinéé ?? :) když ho muže mít každej zapadákov tak proč ne Karvináá ?? :D__:(,NEUTRAL
A co Vám brání si jej tam za tuto cenu pořídit?? ;),NEUTRAL
"Dekuji za odpoved, nezbyva tedy nez cekat",NEUTRAL
xD co to je ? :D nějak mi to nevyšlo :D s holkou ven jdu až v sobotu :D,NEUTRAL
"Škoda no, přesto děkuji za odpovědi a přeji hezký den",POSITIVE
taky ještě nic a to jsem posílal 4.9.,NEUTRAL
Ja jsem si koupila poprve alkatel i z kartou evrotel bylo to v roce 2000,NEUTRAL
jak tak čumim kolem sebe a vidim lidi pracovat za tu almuznu...hrozná doba,NEGATIVE
Už tam běžim!!!,POSITIVE
"Pravda, přijde mi to trochu nefér za 15 let věrnosti u T-mobilu :-)",NEGATIVE
moc děkuju ;-),POSITIVE
to bych si dala,POSITIVE
"To se člověk musí dívat na FB, aby věděl, že to bude zítra? Na Twitter jste nic takového nenapsali.",NEUTRAL
"Njn, takže to chce 3 přátele jak vidim, to to ani nemusím vyplňovat .(",NEGATIVE
"Jen tak se do obálky nedají :) musí se snimi poslat jeden list a taky tam musíte být zaregistrovaná a další, ale to je tam všechno napsané.",NEUTRAL
A mamince přeju pevné zdraví :),POSITIVE
".. za 600 kč .. - řekl bych, že to bude jeden z důvodu tohoto problému :)",NEUTRAL
"už to tam je, ale teda jako jenom jeden voucher na osobu :-(",NEGATIVE
narozeniny či jen tak pro radost :),POSITIVE
ouu chci taký :-D,POSITIVE
Kofola zdarma všem!!,POSITIVE
Ano píše strašné nesmysli at si je ztrčí do pusy nevým jak by mu chutnaly!,NEGATIVE
"Máma ji používá, na 15 se nehodí.",NEUTRAL
"No, nemám slov. Děkuji vám za varování - vás coby provozovatele mobilních služeb nebrat :)",POSITIVE
"Technika/ cena/ náklady na volání sms, mms, internet. Vzhled moc důležitý není. Výdrž baterie je u chytrých tel. dost zoufalá.",NEGATIVE
"Iveta Priehodová, tak sem to myslela, akorát mi to nešlo dát dohromady jako věta :)",NEUTRAL
"ráda bych si aspoň přečetla o co jde, ale jak na to kliknu, tak na mě hned vyskočí potvrzení k aplikaci...jako s tím jděte někam",NEGATIVE
"Tak to nemá chybu,to je nádhera",POSITIVE
To už je snad tradice ne? Na tuhle reklamu /jako jedinou/ se těším celý rok!,POSITIVE
už se těším za 14 dní směr Pha ZOO,POSITIVE
"Jedině do naha, proč si taky opalovat plavky ne...?:-)",NEUTRAL
"myslím,že ano",NEUTRAL
Válečekk náhodou dobrrý jméno pro hroššíka..:) oliver je jak pro člověěka tohle je hroch!!!,POSITIVE
Tady někdo agituje jako o život.,NEGATIVE
"Jéé.. byla jsem Váš 40.000. fanoušek, zasloužím si odměnu? :)",POSITIVE
ty jsou božííí :D,POSITIVE
nebo si budu delat prumer stability pripojeni denne kazdy mesic a pak podle tech % budu proplacet faktury,NEUTRAL
Velký Cihli :D,NEUTRAL
ježiš to je krásný koťátko,POSITIVE
dobrej proc pri prekroceni tydeniho limitu je rychlost okolo 20kb/s a to na 3G to se opravdu neda pouzivat :(,NEGATIVE
"to jsou kukdla,krasnej nufanek :)",POSITIVE
šikulové :-),NEUTRAL
"já bych spíš chtěla říct, že nejlepší je voda z vodovpdu (aspoň v Praze teda) :o))",POSITIVE
"Proč tam není Kofola v Rakousku? Chci kofolu, okamžitě!",NEUTRAL
Vu Tuan Viet: zase bych nás všechny neházel do jednoho pytle ;),NEUTRAL
A to je tak celý.... myslíš že si na tý zákaznický lince ČEZu někdo něco dělá?,NEGATIVE
"Dotaz: Co s touhle hláškou? ""Pravděpodobně používáte anonymní Facebook e-mail. Bez platného e-mailu Vás nemůžeme přihlástit. """,NEUTRAL
"Ahoj, mám á bodíků navíc a ráda bych je věnovala nějakým dětem, dětskému domovu nebo školce, máte někdo zájem?",NEUTRAL
není nad kombinaci qwerty + dotykáč mám HTC desire z a s radostí používám obojí.,NEUTRAL
"pořád stejný kupóny, chtělo by to nějakou změnu..... v Německu mají ty kupóny mnohem zajímavější a pokaždé jiné......",NEGATIVE
"Tak jsem to zaslala všem přátelům, takže už to nemůže dlouho trvat.",NEUTRAL
můžou soutěžit i nezletilí :-D?A nejlíp kdyby se pak ochutnávky servírovaly na mém stole,NEUTRAL
"ZTP cena je 150? , tak to mi je líto, budu asi jenom na procházce kolem...",NEUTRAL
Kofolo ozvi se mi na email slovnikteenagera@seznam.cz - něco pro tebe mám,NEUTRAL
O2 má výpadek a nejdou odesílat do síte Vodafone,NEUTRAL
Taky zvažuju přechod. Děravá síť a praktiky operátora se stále více blíží zbývajícím dvěma. Samá reklamština atd.,NEGATIVE
To jsou nádherná zvířata!!!! A malej je fáákt božíííííí!!!!! Už se těším až ho uvidíme na vlastní oči!!!!,POSITIVE
"web jim nejde ale internetový tarif mi bez mého přání změnili už podruhé, samozřejmě na ten méně výhodný...",NEGATIVE
nejlepší :),POSITIVE
"ještě aby ne, jste super",POSITIVE
2:0 pro čechy ;),NEUTRAL
"jj ten mě baví, 4 lekce už jsou skoro doma ;)",POSITIVE
A myslíte take na stale zákazníky o2? Tady se to rozdáva zadarmo a ti co mají smlouvu uz několik let nemají nic :-/ to pak není hezké...,NEGATIVE
taky se přidávám do skupiny N5110 :),NEUTRAL
"Nakoupeno, částečně i zabaleno :-))",POSITIVE
"je krásný, určitě zaujme",POSITIVE
"parfém supééér , vůně nádherná :)))",POSITIVE
skuste pockat do vecera mozno to bude o 6tej nasho casu :)maly chytak :),NEUTRAL
Eva Fa snad budete mít štěstí,NEUTRAL
A chodí Ti i ostatní zprávy několikrát ta samá?,NEUTRAL
a to jako proc ??? ;),NEUTRAL
Hraju na obou a rozdíl není :) Jednou to jde trochu líp ale většinou hůř a je jedno jestli je to na klasickým počítači nebo noťasu.,NEUTRAL
"Podvod! Když vybíhá na startu, tak má vpředu oči a na zadku Vodafon, a když dobíhá do cíle, tak má Vodafon vpředu a oči vzadu. :-))",NEUTRAL
Včera jsem taky byla na pralinkách a vynikající! Skvělej kup.,POSITIVE
Přítel je mé pokušení,POSITIVE
"Já nejdřív přečetl ""schodové"" menu.Říkám si, to budu žrát na schodech jak v Indii? :D :D :D",NEUTRAL
"na první kameře už jsou vidět dvě nožičky,,,",NEUTRAL
západy jsou úžasné a jinak živé květy fialka,POSITIVE
Dobrý den jak zistím za kolik volám a kolik mně stojí sms ?,NEUTRAL
"Asi jen to, že než se nám body načtou, tak už žádné ceny nezbudou:-p",NEUTRAL
jupííííííííííííííííííííí Buějce :),POSITIVE
Já jsem taky pro,POSITIVE
"A co když mysleli, že se to objeví, až zítra...",NEUTRAL
sleva na dovolenou se hodi vždy :DD,NEUTRAL
ta je ale krásnoučká.)),POSITIVE
"Mě by stačilo, kdybych měl signál. Telefonovat venku a nikoliv z kanceláře baví jen chvíli a nadcházející zima to mu nepřidá. :(",NEGATIVE
"i vám, Voníci, krásnou neděli :-) my jsme měli dobrůtku: králičí roládu s hříbkama.. mňáám :-))",POSITIVE
tasťáček je prostě klasika ;),POSITIVE
"zajedte si do Bangkoku, tam tyhle 'usi' prodavaji na kazdem rohu pro jakykoliv telefon...",NEUTRAL
"super, takže zítra zajdu na meníčko :)",POSITIVE
a co Vysočina.?:-D,NEUTRAL
Snídani jsem měl jen jednou a už nikdy to si rači počkám nebo zajdu někam jinam,NEUTRAL
"dobití ráje? kdo ho domlátil? ach, ta čeština....",NEGATIVE
"Přinejhorším si ty sušenky koupím,jsou fakt moc dobré,hlavně ty hranaté s čokoládou :-)))",POSITIVE
"Mám zvědavý dotaz, proč nemůže být lehká Kofola slazená jen stévií?",NEUTRAL
"Ja myslim, ze plzensky PUB nepotrebuje reklamy ani slevy :o) tam je nacpano a reserve furte",NEUTRAL
"Vy jste mojí Voníci milí. Já napsala Ježíškovi.. uvidím, jestli umí správně číst :-)) Přeju krásný večer :-)",POSITIVE
"Děkuji. Pokud by byla závada na SIM, bylo by možné kartu reklamovat ve vaší prodejně?",NEUTRAL
Čárové kody jsme posílali už minulý týden a stále nemáme načtené body.. dárky ubývají.. kde je problém???,NEGATIVE
vanilkova kofola nema chybu hned jsme si ze špáru odnesly 2 lahve,POSITIVE
Beruška - nevidíš u Evy smajlíka? Vždyť to byla legrace...,NEGATIVE
nejlepší reklamy :D,POSITIVE
"Dobrý den, mohu nějak zjistit, jak dlouho budu ještě muset splňovat Minimální měsíční plnění? Děkuji moc.",NEUTRAL
lepší reklamu má Slovensko,NEUTRAL
Dobrý hlody.,POSITIVE
proč musím komunikátor v EZS pravidelně restartovat po 6. až 8 týdnech aby dál komunikoval s PCO,NEUTRAL
rovnou mneli napsat ze vyhrajes stejne hovno...,NEGATIVE
"Objednala jsem, a do dnešního dne zboží stále nemám :-( Na emaily Smile and Buy nereaguje. Již je to měsíc....",NEGATIVE
sakra...asi zapomněli převléct ředitele... :D,NEUTRAL
Podle posledních (nezaručených) zpráv se IT borci snaží vzkřísit starej web....ten prej aspoň fungoval.. :D,NEGATIVE
Další telefon bude od MCGyvera... :D,NEUTRAL
nechce se mě pořát jezdit do olmu :D,NEUTRAL
Já je už 6let roznáším lidi je tady vyžadujou a ty co nechtej napsali na schranku bez letáků číst umím tak není problém,NEUTRAL
Všem kdo právě teď Milkaříte (stejně jako já) přeju dobrou chuť! :-),POSITIVE
je to dost 200 kč a ti penize novej pavilon na sloni to je hodně přehnane já bych nedal ani korunu a žadnou doatci bych nedal,NEGATIVE
Jestli to není podvod...mě ještě nic nepřišlo a platba je zaplacena...,NEGATIVE
Kouzelnýýýý...tolik andílkůůůů :-),POSITIVE
Kam se hrabou reklamy na T Mobile :D,NEGATIVE
jasny ale stějně bych rád vyjadření MCd ale jak tak koukám tak když někdo napíše že se mu něco nelíbí tak jim to je jedno,NEUTRAL
"Miluju ty Vaše prupovídky, vždycky mě to strašně pobaví :)) Ale místo terária bych raději nějaký pobyt s polopenzí na pár dní v Čechách :P",POSITIVE
"Až zhubnu po porodu, tak ty plavky jsou moc pěkný :)",POSITIVE
"Žádných skvělých cen jsem si nevšimla... Řasenku, kteoru jsem si minulý týden v drogerii koupila za 79,- nabízíte za 110,- hmm",NEGATIVE
"Je to bomba koukat, jak se snaží ""něco"" vyklubat z hoblin :-)",POSITIVE
už to jdeeee,NEUTRAL
"Takže evidentně je v silách operátora takovéto tarify nabídnout komukoliv, ale nechtějí - honí peníze :)",NEGATIVE
"zrovna teď zprávu ""Vaše poslední vyúčtování je ....""",NEUTRAL
je to divny,NEGATIVE
Taky by mě to zajímalo... :),NEUTRAL
Já nechci Velikonoce o Vánocích . Já chci levnější volání. Všechny tyto akce ve světle Vaší cenové politiky jsou naprosto trapné.,NEGATIVE
áááá to vypadá krásně hned bych si dal :p :D,POSITIVE
Nejlepší voňavka ze všech!! nemůžu si ji vynachválit :),POSITIVE
"Reklama povedená, dobře se na ni koukalo. :)",POSITIVE
bych řekla že je to stafbulíček:)),POSITIVE
"Nevím co jste podepsal, takhle ne. Něco na ulici podepíšete a nevíte co. Možná úpis na 2 roky.",NEUTRAL
"Dobrý den, jsem v zahraničí a nefunguje mi roaming, můžu jej ze zahraničí nějak aktivovat?",NEUTRAL
přejeme ještě hodně další let.,POSITIVE
306300 mi vyhovuje,POSITIVE
"diskuze o ničem, každý svého štěstí strůjce.. :-)",NEUTRAL
Už mě to nebaví..:-/,NEGATIVE
Dobrý večer Martino. Všechny služby co nabízíte na iPod nebo Android. A chci je využít na Windows mobile.,NEUTRAL
Mám předplacenou kartu O2.,NEUTRAL
"mám doma to malé hnědé i to obří bílé, tak je vidim každý den :)",NEUTRAL
"Doporučuji tuto stránku: https://www.facebook.com/pomahamegorilam. A ano, v pražské zoo mají surikaty. :)",NEUTRAL
Už dlouho nebyl 2x bigmac za 65 ;),NEUTRAL
"Děkuji za odpověd, to vše mám nastavené, ale může být chyba na SIM kartě. Operátorovi se nemůžu doval, prý nemám nějaké oprávnění.",NEUTRAL
"mohla bych mít ještě jednu otázečku? Jak dlouho už se ""zahnutý zuby"" vysílají?",NEUTRAL
"Dobrý den, jak to vypadá s telefonem?",NEUTRAL
"Já bych ty nohy ""nic moc"" teda brala :)",POSITIVE
úžasný výkon....gratulace obrovská:-)))),POSITIVE
"Mekong je oddělený, stejně tak je to i v přírodě ;)",NEUTRAL
"Dobrý den ,mám vyherní Milku vyplnila jsem vše a neodeslalo se mě to ,děkuji za odpověd",NEUTRAL
"Jo jinak diky Jardo, funguje to :)",POSITIVE
¨potřebovala bych L ..,NEUTRAL
při stahovaní 42mb/s.dosáhnete fup jako nic.t-mobile by měl navyšit fup.,NEUTRAL
Po tomhle asi průjem čeká... :D,NEUTRAL
"tak díky, ZROVNA TO PŘIŠLO",POSITIVE
"Ten je božíí,dala bych mu jménu Boženka nebo Bohoušek =)",POSITIVE
"jsem sicedříve narozená,ale tuto vůni opravdu neznám,mám sice kořeněné orientální vůně ráda, ale fakt neznám!!",NEUTRAL
"Tak to je bezkonkurenční komentář, hlavně....hodím se k dětem..je to jako z pořadu ""Vem si mě"" :-) ...tedy ten zvířecí pořad :-)",NEUTRAL
tak tohle zahřeje na duši :-))),NEUTRAL
"čtyři dny se s tím pachtíte, pak web nahodíte v termínu (to jsem nečekal!) a stejně ""Můj T-Mobile"" stávkuje. To bylo tedy testování..",NEGATIVE
Zde se odpovedi nedockas :))) vodafone stahl ocas a odsunul se do kouta sezrat sva velikonocni vajicka :))),NEUTRAL
Nemá někdo bodíky na zbyt? Než mi dojdou tak už hrníček nebude ;o( číslo: 1866002924,NEUTRAL
"T-mobile dělá totéž po celé ČR, gratuluju Pražákům že se dočkali... :)",POSITIVE
"Tak bych si skoro myslel, že je úterý 26. června. A prd. Jo, vlk taky sliboval...",NEGATIVE
Výběrové řízení a nová práce.. Joooo :] ...,POSITIVE
"Tak To samozřejmě chceme,:)) soutěž když není problém ,tak to se budeme těšit , kdy to zorganizujete???:)",NEUTRAL
THC...tak nám tu operátor propaguje drogy. :)),NEUTRAL
není polička :D,NEUTRAL
já mám milku moc ráda a hlavně karamelovou,POSITIVE
No asi jo :) ale nevím vůbec odkud se to vzalo.,NEUTRAL
konečně super sleva!! zakoupeno!!,POSITIVE
nikdo nic neví je to tam jak v kocourkově všude se začal prodávat jen o2 ho nemá:),NEUTRAL
klasika je prostě neJJJ!!!,POSITIVE
Chrochtěnda a Chrocht..,NEUTRAL
Uz zase kouká šmudla =),POSITIVE
Čská Republika není zase takový zapadákov!!!Spíš vůbec!!!,NEGATIVE
U nás je to v létě v provozu pro 4 hráče v přírodním terénu a na 4kolkách,NEUTRAL
"stačí se podívat na SK: O2 slovensko - na předplacence 13c za minutu, účtování 1+1 už leta letoucí. nebo flat od orange SK pod naši 1000 Kč.",NEUTRAL
ist k vode s kofolou a cigou v ruke xD,NEUTRAL
"fraška.... a jako bolestné by jste měli navýšit FUP u každého připojení, hlavně toho na den!!!",NEGATIVE
prý to platí pro Německo...,NEUTRAL
"jasný, však uvidíš... co mám ale zkušenosti, jiný model nemají šanci dodat.... hodně štěstí",NEUTRAL
"Zdravím. A jak by to bylo,pokud bych číslo chtěla převést na kredit? Za odpověď díky.",NEUTRAL
Najdeš někde v KFC kousky CELÉHO kuřete? Ne. Divnou bílou hmotu.,NEUTRAL
Dobrý den chtěl bych si nechat zablokovat internet jak,NEUTRAL
jako 100. v pořadí po odečtení případných duplicitních nebo neplatných emailů.,NEGATIVE
já mám hlad pořád:),NEUTRAL
3:1 pro čechy,NEUTRAL
"Děkuji zav radu,jsem na tom můj t-mobile,ale nevím,jak to odblokovat.",NEUTRAL
A nová sim karta do tohoto modelu me bude stat nějaké drobné či to bude na počkání jako u micro-sim ?a děkuju za odpově to mě potěšilo;),NEUTRAL
":-D ""Nakup u nás nebo ti unesem rodinu"" ? :-D",NEUTRAL
"Šimku jestli to myslíš vážně tak proč si mezi náma, mezi těma co mají kofolu rádi a co jsou rádí že nás je tolik",NEUTRAL
Samo za přij. cenu:),POSITIVE
hele tak prej H bylo 10 ks na celou kampan. potvrdil mi to kamos z Mc,NEUTRAL
"ale než, pojď my hop je lepší , já sem tu jen na skok =)",NEUTRAL
Kuba: Taky jsem si na to vzpomněla!!:D,NEUTRAL
vojta děla žraloka pičo dělo reklama,NEUTRAL
také nejde:),NEUTRAL
hlavně si to nezapomeňte naúčtovat :-((,NEGATIVE
odesláno šup sem ke mě,NEUTRAL
K 16. narozeninám - Motorola (nevím jaká),NEUTRAL
Nekdy v lednu ale nevim kdy presne ..,NEUTRAL
Tak to se moc povedlo...,POSITIVE
A kolik nejlepších videíí postoupí do finále??,NEUTRAL
"jak se zbavim techto zprav, o ktere opravdu NEMAM ZAJEM???",NEUTRAL
"Chtěla jsem zrušit balíček 200sms. Prislo, ze jste to zrusili, ale na moji utrate to vim stale zauctovane a zaplacene.",NEGATIVE
jak voní? chci něco skvělého pro manžela :-),POSITIVE
Máš někde odkaz?,NEUTRAL
ano zmínil jsem se u obsluhy ale nedočkal jsem se ho.. nicméně aspon jsem si vychutnal kofolu..,NEUTRAL
ta musí bejt luxusní,POSITIVE
zkusila bych :),POSITIVE
posílal jsem foto k akci na kávu a zmrzlinový pohár a botanickou zahradu :) Děkuji,NEUTRAL
A jsou jine tarify,NEUTRAL
"Asi tak. A ta arogantní slečna v T-M se ještě divila, že jsem s ním chtěla fotit...",NEGATIVE
Tak to pojedeš sama bud na dvakrát tolik dní a nebo dvakrát :-) :-D,NEUTRAL
"Dobrý den. Kolik mě stojí volání do Maďarska z Čech, když mám studentský tarif o2 Pohoda? Děkuji",NEUTRAL
"Chtěla bych být u toho, fandit určitě budu ale ještě nevím komu :-D",NEUTRAL
Můžete mi vysvětlit proč když vše od M je hnus lajkujete tyhle stránky?,NEGATIVE
přeji vám všem taky krásné ráno :-),POSITIVE
"už to řeší lidi z konkurenční slopečnosti, přisli se smlouvou která je o 7000 kč měšíčně nižší než ta veše. To asi mluví za vše...",NEUTRAL
"mnam...:) hned bych si dal...:) musim se podivat, jestli to maji i tady unas v Americe...:D snad jo... Mam nani takovou chut!!!",POSITIVE
Chci se zeptat zaslala jsem foto na soutěž....a ještě tam není...nemohla se ztratit?,NEUTRAL
"Dobrý den,povedlo se mi ztratit telefon i se sim kartou,dá se podle gps nebo tak nějak vyhledat?Telefon je stále zapnutý",NEUTRAL
Milka mňam.Proč jezdit do rakouska když jde koupit v kauflandu mají ji v akci skoro pořád.,POSITIVE
málem jsem se udusila :-D ...Mojo hodně štěstí a potomstva,POSITIVE
Konecne nekdo kdo splnil zadani paradne poctive! :D,NEUTRAL
T-mobile je nejlepší !!!!,POSITIVE
Zastavím sa aspoň na jednu :),NEUTRAL
"Kdyby jste to nabízela v Brně, tak to beru hned.. :-) Ale do Prahy se nechystám :-(",NEGATIVE
S tim souhlasim.,NEUTRAL
Dobrá zpráva. Vpondělí se příjdu v 9 hodin podívat v Happy Mondays za 1 Kč vstupné.,NEUTRAL
a možná příjde i kouzelník,POSITIVE
voní jemně...měla jsem ho:-),POSITIVE
Už bych se s nimi loučil. Banda neumětelů a okrádající vrcholový management v ČR...,NEGATIVE
A já se to dozvím vždy na poslední chvíli a nemůžu:-( A Irský tance jsou bomba!,NEGATIVE
Z těchto rozhodně 168... Ten koník předtím je opravdu až moc podobný :-),POSITIVE
Svět je jeden velký otvírák.,NEUTRAL
pěkný botičky...,POSITIVE
tvoje oči mě naprosto fascinujoooou,POSITIVE
Suprová reklama ani jstí reklamy ne a ne a nespustím oči,POSITIVE
Napište mi prosím Vás email na kontakt s datovou podporou děkuji,NEUTRAL
ze bych byla nadsena s darecku a vanoc to se rict neda acho jo proc uz nejsem zase mala....,NEGATIVE
Štrbské ne ? :),NEUTRAL
a kde tyto soubory najdu?,NEUTRAL
skvělý dáreček,POSITIVE
Ondřeji ty jsi to zabil nejviiic!!:D:D Velky palec HORE!!:D:D,NEUTRAL
surfaři bez vln sou jak žraloci bez zubů.. trochu přemýšlení by neuškodilo..,POSITIVE
děkuji za info :),POSITIVE
Jistěže Kofolu,NEUTRAL
Nejez mékáč budeš sekáč !!,NEUTRAL
to chci domu (aůe a´t už neviroste a´t je to liliput):D,NEUTRAL
Já bych chtěla prasátko :) :(,NEUTRAL
"Jinak vše velmi doporučuji..výborná restaurace, skvělá jídla..!!!!",POSITIVE
"Už nestojí, už leží a ten sud taky :-D",NEUTRAL
mimochodem další den za náma a telefon stále mlčí!!,NEGATIVE
"to ze v mekaci budu mit nejakou smenu na lobby jeste preci neznamena, ze jsem pitomec!",NEGATIVE
"Mám ho také, převádí :)",POSITIVE
"jen tak dál SLEVOMAT_e , dávám Vám opět palec nahoru PS: hlavně neberte poslance ( ty v tom mají praxi :-) )",NEUTRAL
A co tedy seznam výherců? :-O,NEUTRAL
no to je nádhera...mě se je ještě nepoštěstilo vidět...natož vyfotit,POSITIVE
:) to někde určitě najdeš ale POZOR akce plattí jen do 17.12 2011. nebo do vydání dárků v jednotlivých prodejnách :),NEUTRAL
Skrytohrdlá!,NEUTRAL
"Jejda mane,to je micánek :) :)",POSITIVE
Aspoň by Vám někdo otevřel oči..,NEGATIVE
"Bože, to jsou ale kecy! Chtěla bych vidět vaše kousky v šatníku, dámy! :)",NEGATIVE
by me zajimalo kolik SE dal za tuto reklamu :D ...,NEUTRAL
Jááá...času dost :-D,POSITIVE
Taky uveďte případný kód chyby a popište vámi prováděnou akci.,NEUTRAL
cetl sem o tom bleskmobilu ale jako hrnout se do toho zatim nehodlam protoze nalakat na nizky ceny umi kazdej a pak je zvednout :),NEUTRAL
=D jen co se to tam ojeví tak 350 komentu :D,NEGATIVE
"blahopřeji ""šťastným rodičům""......jsou opravdu roztomilí....",POSITIVE
"Masturboval sem, jako každý víkend",POSITIVE
"Dobrý den, chtěla jsem se zeptat, jestli jsou ještě noční prohlídky Zoo, popřípadě, jestli jsou na sobotu volná místa? Děkuji :)",NEUTRAL
"Káča se nenašla, podle informací mě dostupných a je malá šance, že by se našla.",NEUTRAL
"tak to se stává, bohužel ...",NEGATIVE
"Mňam, vezměte mě hned někdo do mekáče:o)",POSITIVE
to musí lítát kotě :),NEUTRAL
A kdy uz bude u nas 4G?,NEUTRAL
tam jsem byl doporucuji,POSITIVE
Právě jsem dostala na zahřátí Milku z Tassima:),POSITIVE
abych byla upřímná ja to nejim já to koupila jenom kvuli hrníčku:D ...ten sem si nechala a sladkosti rozdala :D ......ale prý chutnalo ;),NEUTRAL
Děkujeme :o),POSITIVE
zkusím to,NEUTRAL
To je maly milacek,POSITIVE
"Diky za info, poslal jsem hlaseni s cislem chyby na adresu kterou uvadite v chybovam hlaseni. Jiri",NEUTRAL
"@Miroslav Strnad: A v Praze, mezi jednotlivými částmi, rivalita není? ;-)",NEUTRAL
Tohle se vyplatí snídat někde v Americe kde za to dáte dolar....,NEUTRAL
no já jsem zvědavá taky jestli na mě něco zbude.,NEUTRAL
Obejdnáno a v dubnu s drahým do Holandska ou jeee :),NEUTRAL
"přečti si, co se tu píše :D já to prostě nechopím....někdo lajkuje skupinu a pak tu jenom nadává. smutný život :D",NEUTRAL
Od každýho mi pošlete mailem ochutnávku... Mam hlad!!!! :)),NEUTRAL
"Jirka: asi trošku renonc s tím linkem, vrací mě to sem.",NEUTRAL
To by spořadala spoustu bambusu :-) bude to Flíček :-),NEUTRAL
nejlepší..no comment,POSITIVE
"Podle mě by bylo vhodnější, kdyby tam hrálo STO ZVÍŘAT!",NEUTRAL
Takže dnes se o telefony nehraje? hraje se až od 24-26? a co kdyz nejaky den neodpovi ten pocet soutezicich?,NEUTRAL
...v poho tvá věc :-D,NEUTRAL
bez hvězdičky,NEUTRAL
"snaha se vyplatila, už se těším na výhru :)",POSITIVE
ukaz ja ti pomozem a spolocne to zvladneme......,NEUTRAL
Jednou ze mě bude doga..,NEUTRAL
Nějak vám nefunguje nákup vyprodané nabídky pro Silver a vyšší...,NEGATIVE
Uff ještě že už se pelíškuju :o)),POSITIVE
dneska mi došel balíček z aplikace mlsný sušeliér - chtěla bych touto cestou moc poděkovat - sušenky jsou moc dobré,POSITIVE
Luxusní vůně:))),POSITIVE
"Já jim držím pěsti,protože pěsti jsou štěstí,palce kopance",POSITIVE
Bouzel to neni u jinych operatoru jine,NEUTRAL
to jsem zvědavá všechny jsou dobré,POSITIVE
a kde jsou zalozky?,NEUTRAL
už byla soutěž vyhodnocena? kolik kostiček v bedně bylo?,NEUTRAL
"Musim vam pochvalit novou internetovou samoobsluhu, konecne slape rychle, posledni cca rok to byla hruza, ale ted je to super :-)",POSITIVE
"Nááádherná, moje oblíbená vůně :-)",POSITIVE
Daniel Malík: myslím že tvůj tarif není ničím v takových firmách vyjimečný ba naopak tak málo minut:),NEUTRAL
"Nejraději bych zrušila celý facebook, ale bohužel nemohu přijít na to jak to udělat.",NEUTRAL
Jak pro koho!!!,NEUTRAL
kvuli jednomu datumu si preci nebudu kupovat kofolu za 32kč...,NEGATIVE
mám také jen výherce ..potvrzení nikde ...nebo že by stačilo se na ně jen podívat :o)))))),NEUTRAL
"Ve slevomatu dřív ukončeno, takže opět nějaký podvod?....",NEGATIVE
"To je stará známá věc, že jsou prasátka chytrá. Měla jsem vycvičené prasátko (Pepu) u babičky bývalého přítele. Bylo jak pejsek",NEUTRAL
nac soutezit kdyz to mam kazdej tejden :D,NEUTRAL
Taky moc chválím a děkujem za aktuální fotečky,POSITIVE
"on tam snad usnul, ne? :-DDDD Takovej dráček Mráček :-))",NEGATIVE
No tíííí vole :)...co to je za pajzl.,NEUTRAL
Je to uplne stejny jen jiny jmeno xD,NEUTRAL
jejich škoda,NEGATIVE
"no hurá, konečně můžu poděkovat za odpověď, kterou jste mi mohli dát hned na začátku, takže děkuji, a příště raději přímo a stručně :-) díky",POSITIVE
"Někdo je hold náročný, ale tohle fakt přehání. Někdo si koupí drahou voňavku, někdo ty peníze dá raději na užitečnější věci k životu ;)",NEGATIVE
"ale ví že to existuje, ale není to všude no, pokud jsem to dobře pochopila tak nahoře na tom odkazu je vypsané, kde to platí... ;)",NEUTRAL
Rozumná věta :-),NEUTRAL
ok postavte v přibyslavi MC a budu tak každej den... :D,NEUTRAL
"google, přes kterej si vyhledam chybějící aplikace :)",NEUTRAL
urcite. Manžel vypije půl litr piva za cca 4vteřiny...:-)),NEUTRAL
Kde na Kladně se dá sehnat sákryš? :D,NEUTRAL
"ahoj milko, stále čekám na batoh a stále nic...",NEUTRAL
je skvělá:-),POSITIVE
"Dobrý den, pro zřízení tarifu pohoda nebo kůl potřebuji synovy doklady (15 let), nebo moje, jako zákonného zástupce",NEUTRAL
"Jana H.: o maséry je velký zájem (ze strany žen) ale je jich málo...protože tu situaci ""neustojí"" :-)",NEUTRAL
Pičifuk a předkožkožrout,NEUTRAL
pěkné logo :))!!,POSITIVE
To je náhoda... Zrovna před hodinou jsem přečerpal limit.,NEUTRAL
"Dva kupóny to ukazuje jen některým telefonům, mému taky",NEUTRAL
Mcd Muzeum - nedoporučuji tam jít pracovat!!,NEUTRAL
kdo by to nevěděl :-D,NEUTRAL
vypadá skvěle!,POSITIVE
Vydrž opičko,NEUTRAL
"Kamarádka má od Vás O2 Cool a psala SMSky do sítě O2, které ale je ve Španělsku. Kolik zaplatí za 1 takovou SMSku?",NEUTRAL
"Závod veteránů, fotbal a pak pusinka od synáčka a tatínka :-)",NEUTRAL
proc neco delat jeenoduse kdyz to jde slozite ze?,NEUTRAL
s rumíčkem a jsme spokojení...<3,POSITIVE
"to dřív pokvetou kameny, než zlevní tak, aby to alespoň ""šlo"". Nehledě na jejich výhodné povinné smlouvy",NEUTRAL
"po sezoně končíme s čepovanou kofolou, sudy 50l !!!",NEGATIVE
dobré ráno taky i vám přeji:-),POSITIVE
"brala bych ho, já ho totiž nestihla :-(",NEGATIVE
"vikend nevim jakej bude ale doufam ze v pohode a ze bude hezky,musim vyplevelit zahonky :-)",NEUTRAL
to je rozkošný drobeček!,POSITIVE
"díky, už jsem to ukradla :)",POSITIVE
"Tak já platím tak stovku za měsíc za 150 MB. A ano, zůstaneme, protože není KAM jít. Protože v čechách je to fakt jedna katastrofa.",NEGATIVE
"Nejen muži z vlastní zkušenosti vědí, že chladem se všechno zmenšuje :D:D:D",NEUTRAL
Jo dobry datum jen sem zjistil ze tu novou kofolu nikde skoro nemaj.,NEUTRAL
"Marek Dalík, Vladimír Šiška a David Rath snídají ve vazbě.",NEUTRAL
|Toho bych chtela doma :o)),POSITIVE
a proc by meli soutezit slovaci v cesky soutezi ? Nechapu proc by meli jit az na Slovensko:D,NEUTRAL
Aha tak a to kouknu a pak dám vědět. Diky,NEUTRAL
"ani u nas není za co nakupovat,letos budou chudé Vánoce :((( ach jooo, díky naší skvělé vládě!!!!!!!",NEGATIVE
Může mi někdo říct co to znamená PŘEVODITELNÝ KREDIT..? :D,NEUTRAL
Taky rádi chodíme do zoo.. :0),POSITIVE
juuu to je sladoucke...ja bych je chtela domu :),POSITIVE
To je paráda.... Již to nepotřebují a ani to nebudu zkoušet abych si zase vyplácel FUP,POSITIVE
kolik z vás si udělalo další profil? :-D,NEUTRAL
"Je uzasne, ze po te co jsem se nechal prepojit na vypovedni oddeleni mi operatorka rekla ze O2 nefunguji sluzby at zavolam pozdeji.",NEGATIVE
"Danielo, díky, bohužel u většiny fotek zůstal původní popis :)",NEUTRAL
ještě že to není jediný operátor :),NEUTRAL
"Vypraveni pohadky o tom, jak nam jednou vodafone CZ bude uctovat stejne poplatky jako vodafone UK...:-P",NEUTRAL
"Někteří?! Vždyť je to po celý republice!!! A tím ""omezená kapacita"", to myslíte ABSOLUTNÍ NEFUNKČNOST?????",NEGATIVE
"Ještě včera tam byla, dneska někde zmizela",NEUTRAL
akci na plzeň do Plzně!! :-),NEUTRAL
"za ""u"" a ""o"" bych byl vcelku šťastný :)",POSITIVE
"Nenazývala bych to národem ufňukánků, ale konečně národem, který si nenechá vše líbit... :))",POSITIVE
"Dobry den chtěl bych si u vás koupit novy telefon , a za kolik by ste odkoupili můj stary (nokia 5230 o2 jen poskrábane kryt display NE)",NEUTRAL
"jj, těšíme.",NEUTRAL
"Já už přecházím... ale byla jsem asi jasnovidná, smlouvu jsem vypověděla už před tímhle šupecem.. ještě vydržet pár týdnů a je to.....",NEGATIVE
pracovní :-\,NEUTRAL
"Toto neni možné přesně říci, protoze maximální rychlost neni garantovaná. Jinak pokud dosáhnete FUP tak je rychlost cca 16 kb/s.",NEUTRAL
Vyhráli ste už někdo ??? x),NEUTRAL
Naprostý souhlas. Není nic jednoduššího.,POSITIVE
Zdarec bude zase kuponová knížka a doufám že tentokrát tam bude Big Thasty 1+1,NEGATIVE
"A né,aby jste mi ten příspěvek hned smazali!To by pak nebyla objektivní diskuze,ale zase jen reklama.",NEGATIVE
Nechápu proč ho lidi používaj neskutečně kolísá a za tu cenu můžu mít mnohem stabilnější a rychlejší-humus,NEGATIVE
Proc se ptáš???,NEUTRAL
bude ještě někdy funkční? :-DDD,NEUTRAL
Jsem zásadně pro nosorožce :),POSITIVE
díky moc za odpověd,POSITIVE
"To je v Brně, ne?",NEUTRAL
"Dobře, i tak Vám děkuji",POSITIVE
"můj bod ovlivnilo hlavně složení, super... :o)",POSITIVE
nemate někdo prosím navíc 4 bodíky 1768263327 prosím Děkuji moc,NEUTRAL
ty šaty kdo jim navrhnul byl asi vožralej,NEUTRAL
jo to už mi také několikrát psalo ... :-/,NEGATIVE
zbožnuji všechno od Milky :)...,POSITIVE
Dělají si z vás vyloženě srandu...,NEGATIVE
"Potřebuji zkontaktovat přímo s operátorem, ne s automatem! Prosím o telefoní číslo.Děkuji",NEUTRAL
Tak to je moc! Nejlepší kombinace jaká může být..Fresh + Chickenburger = ♥♥♥ Děkujůůů! :♥,POSITIVE
no to já taky ne :),NEUTRAL
Tak moc děkuji :-),POSITIVE
jo jo když se vymyslí dobrá kravina tak je to supr :-)),POSITIVE
"tak mám takový dojem, že tato akce se MILCE moc nevydařila, akce běží od 24.10. a ve většině určených obchodů nic nevědí",NEUTRAL
"Milá zoo, kolega v práci tvrdí, že myš může vlézt slonovi chobotem do hlavy a dělat mu tam bordel. Je to pravda?",NEGATIVE
McDonalds neodpovídá za kvalitu výrobků vyrobených v jednotlivých provozovnách :-D,NEUTRAL
Krade nám výplaty..,NEGATIVE
samozřejmě:D,NEUTRAL
"Zmínili jste se o konvičkách s bodovou hodnotou, na ně je také nějaká soutěž, nebo proč jsou na obalech ? Díky za odpověď.",NEUTRAL
já bych radši opravdovou Lásku a nejen letní.....,NEUTRAL
tenhle dortík jsme si dávali s přítelem minulý týden a byl nic moc...,NEGATIVE
A pokud ho pouzivas flesku tak to pujde az vecer,NEUTRAL
"V kleci s králíkem, botě či pytlíku od brambůrek:-D",NEUTRAL
v jednoduchosti je krása :o) líbí se mi :o),POSITIVE
Díky za Musicjet :) Můžu se zeptat v jaký den se rozdává SG SIII? :D,POSITIVE
to už je lepší,POSITIVE
JIříku :D děláš IT tak si to zprovozni sám ne? :D pak jim pošli fakturu za provedenou práci :D :D,NEUTRAL
Veliká gratulace... Malé žirafce přejeme vše nej :),POSITIVE
Tak určitě!,NEUTRAL
Při každém zmínění o Iˇˇˇˇ nebo Androidu se rozvede super konverzace :D a jsem pro SGSIII :D,NEUTRAL
Trošku nechápu jak to myslíš... :) Ale ptám se adminů. ne tebe. :),NEUTRAL
Kolik máš FUP za těch 400?,NEUTRAL
tak v tom případě mi už 2x byly podány mylné informace!:-(,NEGATIVE
ale to je mi povědoméééé :D,NEGATIVE
Umřela sama od sebe nebo jste ji museli uspat?,NEUTRAL
koupila jsem a půjdeme si posedět,NEUTRAL
Ano :D Mara si stěžoval že si ho uplně sejmul...:D,NEUTRAL
Kdy poběží další?,NEUTRAL
NiKy > taky mě to napadlo :D hned jak jsem to viděla :D,NEUTRAL
Já tam mám pouze obrázek,NEUTRAL
"nejdříve to byla prvni půlka září, pak druhá půlka, ted první půlka října, tak rovnou napište že ICS dostaneme jako vánoční dárek",NEUTRAL
Nikola: Já s tím neměl jakejkoliv problém a funguje mi to.,NEUTRAL
Jistě.... :-),NEUTRAL
tolik nezdravého jsem v jedné porci ještě neviděl :-D,NEGATIVE
A jako kam? V tomhle kartelovým bordelu... :-/,NEGATIVE
klaunů se bojím!! nechápu co je na nich legračního nebo pěkného,NEGATIVE
dala bych si :),POSITIVE
"Jestli příjde Kay Jay, nemůžu chybět :-D",POSITIVE
Takže jsem pochopil že nejste schopni odpovědět !,NEGATIVE
Možná proto že lidé častěji nadávají a kritizují než chválí...bez ohledu na to zda vůbec mají důvod.,NEGATIVE
:-(( mě nikdo nic nedává :-(((,NEGATIVE
zde na formuláři mi nikdo neodpověděl.. jak dlouho to přibližně trvá? Spěchá to ..,NEUTRAL
Malá Apolenka je v Eliščině boxe a seznamuje se se světem. Je moc krásná. Ale co když začne rodit Eliška? Nastěhuje se zpět?,POSITIVE
Hodně štěstí krásko! <3 máme Tě rádi <3,POSITIVE
"Kofolka je mnam,mnam,hned si ji du koupit.",POSITIVE
Potřebuji L koupím H nemám :/,NEUTRAL
"Můžu se zeptat, proč nemáte aplikaci pro iPhone lépe optimalizovanou? Na iPhone 3G mi nejde nainstalovat. Já chci kupóóóny na květen :D",NEUTRAL
"Určitě ti řeknou, že problém máš ty, a že je to tvým přístrojem...",NEUTRAL
neplánujete udělat i akci na Thierry Mugler - Womanity?:)),NEUTRAL
toho nosím hrdě na triku :-),POSITIVE
Kdypak posilite signál v obci Křoví? Poslední dobou je to naprostá hrůza. Hovor se rozpadá nebo vypadne úplně.,NEGATIVE
"při pohledu do dámské kabelky lze pochopit, proč byl vynalezen kompas :-D",NEUTRAL
kdyby to bylo opravdu bylo by to dobre jarda,NEUTRAL
"Slevomat mám ráda, protože utrácím, ale nemám z toho tak špatný pocit :)",POSITIVE
Véčka se mi nikdy nelíbily...,NEGATIVE
"Aneta: průvodce má lampu a posvítí, fotit se může bez blesku",NEUTRAL
"Dobrý den, fungují kouzelné úterky v cinema city i na lístky za sníženou cenu pro studenty? Díky za odpověď",NEUTRAL
soutěží se aspň o 1% společnosti nebo co? ;DD,NEUTRAL
asi bych to nedal,NEUTRAL
"Sháním písmenko H, měl by někdo ? :)",NEUTRAL
Jak probíhal první den Padyho v nové expozici?,NEUTRAL
mám červený! :),POSITIVE
konec pracovního týdne,NEUTRAL
Stopařův průvodce po galaxii :-),NEUTRAL
a proč je 10 runnerů a 6 měst?,NEUTRAL
Vede u me cokoliv mimo nocni nabidky.,NEUTRAL
děkuji všem za typy :-),POSITIVE
Aby to nedopadlo jak mapy...,NEGATIVE
"Roumen Pivson Pivečka už radši nic nepiš..., akorát se tu ztrapňuješ... :))",NEGATIVE
protože je rozdíl to se mi líbí a je rozdíl to mi chutná :DD každy si občas rypne ne? :D,NEUTRAL
já bez telefonu nežiju,NEUTRAL
"Tak myslím, že by se za ně nikdo nezlobil :-) 1969384979 Děkuji",NEUTRAL
"od t-mobile odejdu hned jak mi skonci smlouva v lednu,po 13letech,provolanych hromadu penez,nic moc vyhody.diky uz ne",NEGATIVE
nevím jaký bude ale střízlivý určitě nebude :)),NEUTRAL
"Tak jsem rád, že v tomhle nejsem sám. Nám to někdy přijde domů na jeden telefon i třikrát, jednou snad i čtyřikrát.",NEUTRAL
Nejsem si jistý jestli by ti zrovna moje problémy udělaly nějak výrazně radost....,NEGATIVE
"Já vím, že ne, jen mě zajímlao jestli něco podobného nechystáte... třeba na léto",NEUTRAL
nenaděláme :),POSITIVE
už by to zas chtělo nějakou novou příchuť...,NEGATIVE
Tak ta je dobrá :D,POSITIVE
"Ne, ale zkusím ji příště :)",NEUTRAL
děláte mi chutě :D,NEUTRAL
"Je tady někdo, kdo hraje odmenazadobiti a v posledni dobe byl v tabulce? :-)",NEUTRAL
Jooo nato chci kde to je letim!,POSITIVE
který je nej pro ženy??,NEUTRAL
kde si můžu sehnat ty kupony?? nikdy mě nepříjdou a vždy prošvihnu všechny akce :( :( :( :D :D :D :D Poraďte pls---- děkuji :),NEGATIVE
"tak to zkus přímo přes O2 Guru tady v UK, taky Ti poradí ... ale většinou to tu řeší přes Virgin nebo Sky ... zkus tam zavolat",NEUTRAL
Já si vzpomenu na jejich nízké ceny za telekomunikační služby a nesrovnatelnou kvalitu ! Ale to bych se opakoval...,NEGATIVE
"Čtyři telefony být asi neměli - Lenka sice napsala že ano, ale pak napsala že udělala chybu...",NEUTRAL
"I pracovníci z prodejen o tomhle telefonu řeknou, že to je sra*ka :D ať je to co je to, mělo by to zmizet že světa..",NEGATIVE
ale je tu hezky :D,POSITIVE
"Je to suprová věc, protože nemusíte sebou tahat milion líčících produktů, ocení nejen vizážistky. Mě by se set hodil do ateliéru :-)",POSITIVE
mě to už jede ;),NEUTRAL
"podle příležitost:)neoblíběnější Versace-Versence,Lanvin Eclat d´Aperge,Dolce Gabbana 18 La Lune :)",NEUTRAL
"Praha, kousíček od metra IP Pavlova ;-)",NEUTRAL
"Vyměním 80 b za povlečení Milka, má ho ještě někdo k dispozici?",NEUTRAL
"Nedávno jsem se dozvěděla, tuším tady na FB, že je to také jeden z nejúspěšnějších reintrodukčních programů vůbec.",NEUTRAL
Dat si steak a zapit to kofolou,NEUTRAL
"V emailu od Vás se píše, že mi dáte vědět do 2 pracovních dnů, to bude nejspíš pozdě.",NEUTRAL
Já bych hlasovala 2 - 6 - 4 - 3 - 7 - 1 - 5 :-))). Mohli byste opakovat slevu na řasy? :-),NEUTRAL
děkuji Janko už se těším.....,POSITIVE
"Prosím, uvažujete nad McDonaldem v Havířově? :)",NEUTRAL
Dnes jsem vyzkoušela oba a stojí za to :-),POSITIVE
Milka Křupavé Snax Křupavé kukuřičné vločky a rozinky obalené v mléčné čokoládě.,NEUTRAL
"mňam, teda vy mi děláte chutě",POSITIVE
"My taky ne... NEvadí, půjdeme příští rok :)",NEUTRAL
klidně někdy ho někam hodím a nechybí mi třeba i týden,NEUTRAL
Šťastnou cestu kluci a ať se vám v novém domově daří!,POSITIVE
"Mě zas zajímá, jak vznikl ten nápad sesednout z kola a se smutným obličejem se vyfotit s Kofolou.",NEUTRAL
Myslím že je to Ríša...,NEUTRAL
Taky tak :D,NEUTRAL
Takže ti co už smlouvu mají pro vás nejsou zákazníci?,NEUTRAL
"Dobrý den, prosím o zaurgovní případu 121002-000164, doplňoval jsem 8.10. dotaz k objednávce OSS194768590044 a zatím mi nikdo neodpověděl.",NEUTRAL
"To je obrovská škoda, chci ji pro přítele k Vánocům..",POSITIVE
krasná vůně :),POSITIVE
"Mám vždycky zaplý, nevidím důvod proč ne, když nebudu nikoho nijak rušit. :)",NEUTRAL
Mooooc gratuluju k tavové pěkné častce :-D Mě by se libil nejaký víkendový pobyt pro maminy s dětma,POSITIVE
To už jste mi napsali asi před měsícem že bude do 2 týdnů dostupná a stále nic. Máte nějaké datum kdy bude na AppStore??,NEUTRAL
A prodejnu jste otevřeli v Praze,NEUTRAL
"jééé,na procházku :-)",POSITIVE
"no,a už jsme opět u mého příběhu-z té lepší stránky...",NEGATIVE
"mm ještě dotaz, nevíte jak dlouho vydrží vonět nová vůně od Burberry summer 2011???Děkuji",NEUTRAL
Míchačky :-) nebo fresh :-),NEUTRAL
to jsou krásnííííí drobečkové....gratuluji,POSITIVE
"mám,ale v jiných barvách;-)",POSITIVE
Dala bych si!,POSITIVE
"budu mít kulatiny,tak si něco objednám)))",NEUTRAL
ted....když už tam nedělám....konečně něco se sýrem..,NEUTRAL
"Dobrý den. Chtěl bych vědět, jestli O2 uvolnilo aktualizaci ICS na telefon Sony ericsson Walkman live. Děkuji za odpověď.",NEUTRAL
"tak ted mi to už nejde vůbec, jen mi to píše načítání přátel a nic,stojí to :-(",NEGATIVE
:D :D :D ty jseš zabiják.. :D,NEUTRAL
A nepřijde ti že je to oproti zahraničí drahý?,NEGATIVE
aa volta děla žraloka chchch,NEUTRAL
to je moje nejoblíbenější Milka.... Mňam,POSITIVE
Našel někdo slevu pro Liberec?,NEUTRAL
...bajéčné spestření jejich jídelníčku-dobrou chuť.medvídci:-),POSITIVE
Dase ještě dneska vyhrat nebo to jeuž vybrane????,NEUTRAL
"takze ty vase vypadky byly trenink na konec sveta, jo? :-(",NEGATIVE
"Ten vánoční balíček je napořád, podmínka je nezasahovat do složení a platit 1490Kč.",NEUTRAL
Naprosto naprosto boží reklama ..ten kdo tohle vynesli musí dostat metal! Nejlepší ..vtipné a skvělé,POSITIVE
nikdy nikde nijak,NEUTRAL
Tam nejsou snidane nikdy.,NEUTRAL
"Dáreček už jsem si objednala a mám ještě zbylé 2 body - nevím co s nimi, tak pokud by se někomu hodily, ráda pošlu.. :)",NEUTRAL
se tomu musim smát jsem byla na 14mistě azanecelych 20minut jsem 33 :-DDDD,POSITIVE
je vidět že maminka a děťátko jsou spokojený,POSITIVE
"Alexander zkus Bleskmobil:) .a jinak o2 není o nic lepší,lákadla pro nováčky to jo ,ale stálý zákazník ať platí na plno!",NEUTRAL
posílám do Prahy velikánskou gratulaci,POSITIVE
nejlepší <3,POSITIVE
"Ano, co takhle podpora Windows Mobile / Phone ? Dříve to bylo normální a dnes vše jen pro hračky Apple a Android...",NEUTRAL
nějaká lepší fotka...?,NEUTRAL
"Děkuju, číslo objednávky je 180211179. Ráda bych si doobjednala Burberry Brit EdT 100 ml v testeru...",NEUTRAL
Petr Klíma Mayerka Klimeš: evidentně jste tam nikdy nebyl :D byla to skvělá akce,POSITIVE
a jak se vlastně dozvíme vyhodnocení?:) nebo jen ten dotyčný?:),NEUTRAL
Jak kdo má dnes volno :-) jinak kdo má tak si ho pěkně uzijte :-),NEUTRAL
Jinak S3 best telefon doporučuju mám ho od O2 jsem spokojen !,POSITIVE
"no to je dobré, je 30 minut po půlnoci a výhry jsou už rozdané? to je zase soutěž :-(",NEGATIVE
dočasně to nefunguje co vím já cca6 měsíců,NEUTRAL
Bydlim v Řepnikach u Vysokeho Myta,NEGATIVE
KANČÍ guláš na Staroměstském náměstí? :-)),NEUTRAL
"No,není se čemu divit :-))",POSITIVE
já osobně si přes market stahuji zásadně věci co jsou zadarmo a ani nevím jak funguje ta aplikace vodafone,NEUTRAL
"Doletí daleko,jenom ne do Kalouskovy pokladničky!",NEUTRAL
"chtěla jsem být nápaditá,ale prý polibek pod rozkvetlým kaktusem neplatí, tak zas uschnu:-)",NEGATIVE
"a co třeba přistoupit přes přímé URL na SMS bránu? https://sms.client.tmo.cz/closed.jsp - jeden klik, jsem přihlášen a můžu posílat SMS",NEUTRAL
"… nedám, sám mám málo … :)",POSITIVE
Vejšku a skřivený pohled by to chtělo hlavně doplnit o odkaz nezapomenutelného neuznalého genia. :)),NEUTRAL
"To je čuňaska, takhle se přežírat...:D",NEGATIVE
"Už jsem taky uvažoval, že jim napíšu ať mi pošlou administrátorské přístupy, že si to klidně spravím sám :D",NEUTRAL
"věcná, věcná - nejni dneska úterý? :P",NEUTRAL
"Dobrý den, od kdy budete mít Swiss kinga???díky",NEUTRAL
"Doufam, ze bude vic fotek ze krtu, nemuzu se na ne vynadivat :))",NEUTRAL
"Pěkné kočičky,",POSITIVE
mě se nejvíc líbila dchovka a countra bo to bylo fun,POSITIVE
kdo říká že si si neváží tvůrců filmu? On jen Podotkl že zlodějům nikdo platit nebude. Bestak to maj taky z uloztra :D,NEUTRAL
"Prosím, potřebovala bych 2 body na čepici. Neměl by jste někdo je navíc? Bohužel mi 2 kódy nebyli uznány. Děkuju 1960879966",NEUTRAL
fakt je to ze nekteré ty vune voní užasně...nemusej stat 10000 aby hezky voněly,NEGATIVE
Proč jste zrušily Chiken Roll? Ty Stripsy co ted máte je uplně něco jinýho :-(,NEGATIVE
Všechno nejlepši Milko at si pořád tak dobrá jemná a tolik výběrů :D,POSITIVE
Hm Guru pomohla koukám. Chci to poslat PPLkou a také nějak nevím tu adresu.,NEUTRAL
Nádherná příroda!,POSITIVE
"Marek Staněk: to si opravdu myslíš, že takovéhle video někomu někde zavře dveře? Moc sleduješ televizi..",NEGATIVE
rada bych neco vyhrala,POSITIVE
"Já sice také ne, ale ráda bych se tam v budoucnu podívala.",NEUTRAL
děkuji za povšimnutí :-),POSITIVE
a kolik vám chybí?,NEUTRAL
Moc díky za odpovèd.,POSITIVE
miluji ji...,POSITIVE
tak šup s ní do telky :-),POSITIVE
fotka je opravdu smesna :D nebo spíš ten chees ve skutečnosti? :D :D,NEUTRAL
"Je pravda, že když vyfotím nějaký Váš bilboard do mobilu a ukáži na pokladně budu mít 1 vstup zdarma?",NEUTRAL
"děkuji za nabídku,nevyplatí se mi pro ní jezdit,poněkud z ruky a výlet do nejbližšího místa min.4 hodiny",NEUTRAL
U Švejka Havlíčkův Brod,NEUTRAL
"GRATULUJEME ke krásné žirafce! :-* ......... čtu že prý asi klučina, to jsem zvědavá na jméno. :)",POSITIVE
všechno nejlepší,POSITIVE
Zabejvat se blbostma... to by vám šlo O2....,NEGATIVE
"(a pokud nadřízený není také kompetentní, tak jeho nadřízený...pokud teda u vás v o2 má vůbec někdo k něčemu kompetence)",NEUTRAL
Pohnojit kus záhona? Pouze trusem od slona :P,NEUTRAL
"Markét, nemáte prosím ještě 1 bodík navíc??",NEUTRAL
Mně se to narozdíl od brblalů líbí. :),POSITIVE
Abych se stavil zase pro McBox :-) aspoň je důvod tam jed :-),POSITIVE
"A bude šéf gangu ještě někdy v Praze, nebo bude v některých městech vždy jenom jednou?",NEUTRAL
"ano už vím, ale předtím tam seznam nebyl :)",NEUTRAL
"Hezký večer, spustí se šťastná hodinka denně? (dneska třeba ještě nebyla :( )",NEUTRAL
to maso u těch Bigburgrů lítá skoro ve vzduchu^^:D,NEGATIVE
"a co třeba nějakej normální telefon pro ženský???? to jsou samý qwerty a dotykáče, ale ženský s nehtama maj smůlu :-@@",NEUTRAL
"určitě Šárka Záhrobská, dole vedle pána s pejskem :-)))",NEUTRAL
Lehká vůně na léto....super cena.:),POSITIVE
na čtvrtek uz si chystám fotak :-D,NEUTRAL
billa budějovická - hrnek za 3x 300g Milka nebo 5x sušenky,NEUTRAL
"červenej je doma, a je perfektní :-) a jak dobře se z něj pije ... příští týden jdu pro další ..:-)",POSITIVE
mňam hlavně oříšková :-),POSITIVE
No doufejme že s nimi ČTÚ zatočí a nebo případný 4. operátor,NEUTRAL
"Tam nejde o to tloustnutí, ale o tu chuť třeba cheesa :)))♥",NEUTRAL
Kdy jedem?,NEUTRAL
Tak zkuste tohle udělat na zaměstnance v nově otevřené restauraci na váslaváku! Ten obličej co hodila na mě tak ten byl za milion,NEUTRAL
jsem zvědav kolik litrů se prodá,POSITIVE
na prvni pohled to tak fakt nevypada... :DDD,NEUTRAL
Lucinka by ráda do Třeboně do mého rodného městečka :-) hm,POSITIVE
"Doufám, že ne jen na chvilku!!!Díky",NEUTRAL
Nejlepší čokoláda co znám:-),POSITIVE
Tak todle je vážně pecka :-)))),POSITIVE
"Janino: ne, ale koukám, že to je jediný co naučili tebe xD",NEUTRAL
"Jéééé, to chci naučit naší fretku!!! :-P",POSITIVE
"O2 Se radči nevyjádří radči mlčí neví co odpovědět(i když si myslím,že lidi co nám odpovídají na dotazy s tím nic moc společnýho nemají)",NEGATIVE
já jim jen hranolky a nugetky :D,NEUTRAL
Na Pankráci po něm šlo asi 30 lidí a mapa fungovala bez problémů. Díky TM za akci a můžete častěji i u jiných značek. Rád si zaběhám :D,NEUTRAL
"Já už si to pamatuju,hůů. :D Asi po třech směnách,ale jo. :D",NEUTRAL
dáte dneska zase upozornění že se blíží čas zveřejnění a nebo to se plesknete jako v pátek bez upozornění????? děkuji,NEGATIVE
"Ha ha, rozhledna je po novu za penize a i parkovne je ted na 200%...",NEUTRAL
tam musí být hodně teplo,NEUTRAL
"Dobře,díky. M.",NEUTRAL
"Kičinka je šikulka a to maličké je nádherné. Vítej na světě, prcku :-)",POSITIVE
fňuk já chci červeneeejj :(,NEUTRAL
"Kdyby v tom nebylo hovězí, tak bych to zkusila...",NEUTRAL
"doživotní záruka na reoperaci je na ..., když už pak nebudete mít pro další operaci dost tlustou rohovku",NEUTRAL
Nebyla by nějaká sleva třeba do Aquapalace v Praze? :),NEUTRAL
"Na to uz jsem taky narazil, ale bohuzel.:) Neni mozne, ze zamestnavatel neumoznuje placeni online kartou?",NEUTRAL
"Kačko Krejčová, opravdu si myslíte, že se toto dá srovnávat? Já myslím, že mortalita mláďat mluví za vše.",NEUTRAL
"Je úžasný. Kdyby ho chtěl někdo darovat, hlásím se jako první zájemce :-D",POSITIVE
"Hlavně pokud je to kuřecí čerstvý, tak to JE kvalitní kuřecí.",NEUTRAL
staci si to dvakrat precist a da se z toho udelat srozumitelna rec... :-)),NEUTRAL
"Denny,krásně fotíš:))",POSITIVE
no a zamestnanci si to vychutnavaji jak na servise tak na kuchyni jo kuponky to jedna velka mnamka!,POSITIVE
měla jsem ji 2x a opravdu krásně voní,POSITIVE
"Dobry den, negativni prispevky misto reakce mazete?",NEUTRAL
no k Evženovi by měl přibýt Hugo a Bonifác ;),NEUTRAL
"To je bezvadný...Mojinka našla v Biki novou tetu:-o)))Přátelství je krásné....tak holky, ať vydří a je na pořád:-o)))",POSITIVE
